<?xml version="1.0" encoding="UTF-8"?>
<configuration>
 <include resource="org/springframework/boot/logging/logback/base.xml"/>
 <jmxConfigurator/>  


<springProperty scope="context" name="springAppName" source="spring.application.name"/> 
<springProperty scope="context" name="appVersion" source="info.build.version"/> 
<springProperty scope="context" name="logstashDestination" source="logstash.servers" defaultValue="35.161.94.51:5044" />
   
  <appender name="stash" class="net.logstash.logback.appender.LogstashTcpSocketAppender">     
       
       <destination>${logstashDestination:- }</destination>     

	 
	<encoder class="net.logstash.logback.encoder.LoggingEventCompositeJsonEncoder">	  
				<providers>
				<pattern>
                 <pattern>   
                   {
                    "spanId": "%X{X-B3-SpanId:-}",
                    "appVersion": "${appVersion}",					
					"severity": "%level", 
					"appName": "${springAppName}", 
					"traceId": "%X{X-B3-TraceId:-}", 
					"thread": "%thread", 
 					"class": "%logger{40}", 
 					"rest": "%message" 
 					}						
		            
					</pattern>
                 </pattern>
                
	</providers>
	  
  </encoder>
	 
	
  </appender>

  <root level="INFO">
  
            
       
      <appender-ref ref="stash" />
	  
  </root>
</configuration>
	